temporada,link,liga_url,cod_liga,folder,url_match,url_standings
2026/2027,https://www.scoresway.com/en_GB/soccer/uefa-super-cup-2026-2027/94e2tqj0lcfsmhmbk75knn310/fixtures,uefa-super-cup-2026-2027,94e2tqj0lcfsmhmbk75knn310,UEFA_UEFA_Super_Cup,https://api.performfeeds.com/soccerdata/match/ft1tiv1inq7v1sk3y9tv12yh5/?_rt=c&tmcl=94e2tqj0lcfsmhmbk75knn310&live=yes&_pgSz=400&_lcl=en&_fmt=jsonp&sps=widgets&_clbk=W3ba9e2e3b5a5b8157bd5ffaddcde05c53e8fa08f9,https://api.performfeeds.com/soccerdata/standings/ft1tiv1inq7v1sk3y9tv12yh5/?_rt=c&tmcl=94e2tqj0lcfsmhmbk75knn310&live=yes&_lcl=en&_fmt=jsonp&sps=widgets&_clbk=W35968220c13aff492e25fe1784ba44c984abfbb6c
2025/2026,https://www.scoresway.com/en_GB/soccer/uefa-super-cup-2025-2026/db8f4sqdf7s0g850fspnf8hlg/fixtures,uefa-super-cup-2025-2026,db8f4sqdf7s0g850fspnf8hlg,UEFA_UEFA_Super_Cup,https://api.performfeeds.com/soccerdata/match/ft1tiv1inq7v1sk3y9tv12yh5/?_rt=c&tmcl=db8f4sqdf7s0g850fspnf8hlg&live=yes&_pgSz=400&_lcl=en&_fmt=jsonp&sps=widgets&_clbk=W3012fafd51f29496fe82e677e64753af57dff8255,https://api.performfeeds.com/soccerdata/standings/ft1tiv1inq7v1sk3y9tv12yh5/?_rt=c&tmcl=db8f4sqdf7s0g850fspnf8hlg&live=yes&_lcl=en&_fmt=jsonp&sps=widgets&_clbk=W381be470fa56850c92ce9547135f3345da41f16d5
2024/2025,https://www.scoresway.com/en_GB/soccer/uefa-super-cup-2024-2025/4rbs6ubspu2ym7bg6kt1gtuz8/results,uefa-super-cup-2024-2025,4rbs6ubspu2ym7bg6kt1gtuz8,UEFA_UEFA_Super_Cup,https://api.performfeeds.com/soccerdata/match/ft1tiv1inq7v1sk3y9tv12yh5/?_rt=c&tmcl=4rbs6ubspu2ym7bg6kt1gtuz8&live=yes&_pgSz=400&_lcl=en&_fmt=jsonp&sps=widgets&_clbk=W3fff8eb0be2383d4b28ec293bc704645ec52d11b4,https://api.performfeeds.com/soccerdata/standings/ft1tiv1inq7v1sk3y9tv12yh5/?_rt=c&tmcl=4rbs6ubspu2ym7bg6kt1gtuz8&live=yes&_lcl=en&_fmt=jsonp&sps=widgets&_clbk=W328318260789b357a32e3cb2f8efb59371e0ed0c7
2023/2024,https://www.scoresway.com/en_GB/soccer/uefa-super-cup-2023-2024/4ef6pxrywhpffwguublgrsro4/results,uefa-super-cup-2023-2024,4ef6pxrywhpffwguublgrsro4,UEFA_UEFA_Super_Cup,https://api.performfeeds.com/soccerdata/match/ft1tiv1inq7v1sk3y9tv12yh5/?_rt=c&tmcl=4ef6pxrywhpffwguublgrsro4&live=yes&_pgSz=400&_lcl=en&_fmt=jsonp&sps=widgets&_clbk=W30c0a98309d50e13b81404f6dba5fe7e0130559de,https://api.performfeeds.com/soccerdata/standings/ft1tiv1inq7v1sk3y9tv12yh5/?_rt=c&tmcl=4ef6pxrywhpffwguublgrsro4&live=yes&_lcl=en&_fmt=jsonp&sps=widgets&_clbk=W39c86e71d92b0e4f0ed3abf41c0553fa798f8a4c4
2022/2023,https://www.scoresway.com/en_GB/soccer/uefa-super-cup-2022-2023/3ua7g6iazccbw29p5saydh4ic/results,uefa-super-cup-2022-2023,3ua7g6iazccbw29p5saydh4ic,UEFA_UEFA_Super_Cup,https://api.performfeeds.com/soccerdata/match/ft1tiv1inq7v1sk3y9tv12yh5/?_rt=c&tmcl=3ua7g6iazccbw29p5saydh4ic&live=yes&_pgSz=400&_lcl=en&_fmt=jsonp&sps=widgets&_clbk=W37dbf4e46719e8b55ea8f095aafd98885bcac03ff,https://api.performfeeds.com/soccerdata/standings/ft1tiv1inq7v1sk3y9tv12yh5/?_rt=c&tmcl=3ua7g6iazccbw29p5saydh4ic&live=yes&_lcl=en&_fmt=jsonp&sps=widgets&_clbk=W33179619a6ea5282b0d47da84198c4f05a6fd864a
2021/2022,https://www.scoresway.com/en_GB/soccer/uefa-super-cup-2021-2022/cdgsb1vg0o8inwdz37l70bk0k/results,uefa-super-cup-2021-2022,cdgsb1vg0o8inwdz37l70bk0k,UEFA_UEFA_Super_Cup,https://api.performfeeds.com/soccerdata/match/ft1tiv1inq7v1sk3y9tv12yh5/?_rt=c&tmcl=cdgsb1vg0o8inwdz37l70bk0k&live=yes&_pgSz=400&_lcl=en&_fmt=jsonp&sps=widgets&_clbk=W3f929d94f0b7edf4702bb445385d4d7edc2c9dd82,https://api.performfeeds.com/soccerdata/standings/ft1tiv1inq7v1sk3y9tv12yh5/?_rt=c&tmcl=cdgsb1vg0o8inwdz37l70bk0k&live=yes&_lcl=en&_fmt=jsonp&sps=widgets&_clbk=W31af6a6e4fa3e0c95fe16550ec5d08681ebc19289
2020/2021,https://www.scoresway.com/en_GB/soccer/uefa-super-cup-2020-2021/1likk1so1f5kkfarfustln88a/results,uefa-super-cup-2020-2021,1likk1so1f5kkfarfustln88a,UEFA_UEFA_Super_Cup,https://api.performfeeds.com/soccerdata/match/ft1tiv1inq7v1sk3y9tv12yh5/?_rt=c&tmcl=1likk1so1f5kkfarfustln88a&live=yes&_pgSz=400&_lcl=en&_fmt=jsonp&sps=widgets&_clbk=W330ac40e814cea7542645b5f2cef8b2aa3b230162,https://api.performfeeds.com/soccerdata/standings/ft1tiv1inq7v1sk3y9tv12yh5/?_rt=c&tmcl=1likk1so1f5kkfarfustln88a&live=yes&_lcl=en&_fmt=jsonp&sps=widgets&_clbk=W31b71e7fa00e0b10327d88906997f085b2b552b62
2019/2020,https://www.scoresway.com/en_GB/soccer/uefa-super-cup-2019-2020/32c5glfaeyuwdboj0tz17tmju/results,uefa-super-cup-2019-2020,32c5glfaeyuwdboj0tz17tmju,UEFA_UEFA_Super_Cup,https://api.performfeeds.com/soccerdata/match/ft1tiv1inq7v1sk3y9tv12yh5/?_rt=c&tmcl=32c5glfaeyuwdboj0tz17tmju&live=yes&_pgSz=400&_lcl=en&_fmt=jsonp&sps=widgets&_clbk=W3c9c5315f3f185d2b5c7f34428dcae9c8887800e2,https://api.performfeeds.com/soccerdata/standings/ft1tiv1inq7v1sk3y9tv12yh5/?_rt=c&tmcl=32c5glfaeyuwdboj0tz17tmju&live=yes&_lcl=en&_fmt=jsonp&sps=widgets&_clbk=W3d3245c79a6095ce4cf74ec3ecc0df7102491462c
2018/2019,https://www.scoresway.com/en_GB/soccer/uefa-super-cup-2018-2019/adooa143g0rm2fdlcsrliz9t6/results,uefa-super-cup-2018-2019,adooa143g0rm2fdlcsrliz9t6,UEFA_UEFA_Super_Cup,https://api.performfeeds.com/soccerdata/match/ft1tiv1inq7v1sk3y9tv12yh5/?_rt=c&tmcl=adooa143g0rm2fdlcsrliz9t6&live=yes&_pgSz=400&_lcl=en&_fmt=jsonp&sps=widgets&_clbk=W36ef811c58febcf982701b5fb5e5d31ae4a51583a,https://api.performfeeds.com/soccerdata/standings/ft1tiv1inq7v1sk3y9tv12yh5/?_rt=c&tmcl=adooa143g0rm2fdlcsrliz9t6&live=yes&_lcl=en&_fmt=jsonp&sps=widgets&_clbk=W38e0a75f07928daba4e29488d108441472cdcfad9
2017/2018,https://www.scoresway.com/en_GB/soccer/uefa-super-cup-2017-2018/7py3ue52qyex5lpht97yndpex/results,uefa-super-cup-2017-2018,7py3ue52qyex5lpht97yndpex,UEFA_UEFA_Super_Cup,https://api.performfeeds.com/soccerdata/match/ft1tiv1inq7v1sk3y9tv12yh5/?_rt=c&tmcl=7py3ue52qyex5lpht97yndpex&live=yes&_pgSz=400&_lcl=en&_fmt=jsonp&sps=widgets&_clbk=W33ed74a91c6fba0357a119281bcf920446583421c,https://api.performfeeds.com/soccerdata/standings/ft1tiv1inq7v1sk3y9tv12yh5/?_rt=c&tmcl=7py3ue52qyex5lpht97yndpex&live=yes&_lcl=en&_fmt=jsonp&sps=widgets&_clbk=W38f227640ec983cb594a90d12d1fec7ac84acf880
2016/2017,https://www.scoresway.com/en_GB/soccer/uefa-super-cup-2016-2017/zx630fl2xj8ti5hmpucnhfqh/results,uefa-super-cup-2016-2017,zx630fl2xj8ti5hmpucnhfqh,UEFA_UEFA_Super_Cup,https://api.performfeeds.com/soccerdata/match/ft1tiv1inq7v1sk3y9tv12yh5/?_rt=c&tmcl=zx630fl2xj8ti5hmpucnhfqh&live=yes&_pgSz=400&_lcl=en&_fmt=jsonp&sps=widgets&_clbk=W30eea1a8e900d28e7d1896fb4aa8a9e7ea11d06e6,https://api.performfeeds.com/soccerdata/standings/ft1tiv1inq7v1sk3y9tv12yh5/?_rt=c&tmcl=zx630fl2xj8ti5hmpucnhfqh&live=yes&_lcl=en&_fmt=jsonp&sps=widgets&_clbk=W378c18352f4e3c99fc74748f5f040dff5301e6332
2015/2016,https://www.scoresway.com/en_GB/soccer/uefa-super-cup-2015-2016/3rvp3erpxyi3mxtm9ecvujjrp/results,uefa-super-cup-2015-2016,3rvp3erpxyi3mxtm9ecvujjrp,UEFA_UEFA_Super_Cup,https://api.performfeeds.com/soccerdata/match/ft1tiv1inq7v1sk3y9tv12yh5/?_rt=c&tmcl=3rvp3erpxyi3mxtm9ecvujjrp&live=yes&_pgSz=400&_lcl=en&_fmt=jsonp&sps=widgets&_clbk=W372443475426deef91e7776ff729e1df0007f6aec,https://api.performfeeds.com/soccerdata/standings/ft1tiv1inq7v1sk3y9tv12yh5/?_rt=c&tmcl=3rvp3erpxyi3mxtm9ecvujjrp&live=yes&_lcl=en&_fmt=jsonp&sps=widgets&_clbk=W360bd451ed84b7f17f351aedc6dd7497a06760017
2014/2015,https://www.scoresway.com/en_GB/soccer/uefa-super-cup-2014-2015/exi2z0r2a4cxezwhb1pow4ln2/results,uefa-super-cup-2014-2015,exi2z0r2a4cxezwhb1pow4ln2,UEFA_UEFA_Super_Cup,https://api.performfeeds.com/soccerdata/match/ft1tiv1inq7v1sk3y9tv12yh5/?_rt=c&tmcl=exi2z0r2a4cxezwhb1pow4ln2&live=yes&_pgSz=400&_lcl=en&_fmt=jsonp&sps=widgets&_clbk=W34a4149aec7a157d1703049e327ed17132f948ded,https://api.performfeeds.com/soccerdata/standings/ft1tiv1inq7v1sk3y9tv12yh5/?_rt=c&tmcl=exi2z0r2a4cxezwhb1pow4ln2&live=yes&_lcl=en&_fmt=jsonp&sps=widgets&_clbk=W348c617264bf02543b4f6e9fa0e53ae319c2ae921
